{"cameraMode":{"drawMode":0,"name":"Shaded","section":"Shading Mode"},"sceneLighting":false,"audioPlay":false,"sceneViewState":{"showFog":true,"showMaterialUpdate":false,"showSkybox":true,"showFlares":true,"showImageEffects":true,"showParticleSystems":true},"in2DMode":false,"pivot":{"x":14.767416000366211,"y":-10.264947891235352,"z":17.86389923095703},"rotation":{"x":-0.3251565992832184,"y":0.16315019130706788,"z":-0.05706598982214928,"w":-0.9297304749488831},"size":5.646595478057861,"orthographic":false}