{"cameraMode":{"drawMode":0,"name":"Shaded","section":"Shading Mode"},"sceneLighting":false,"audioPlay":false,"sceneViewState":{"showFog":true,"showMaterialUpdate":false,"showSkybox":true,"showFlares":true,"showImageEffects":true,"showParticleSystems":true},"in2DMode":false,"pivot":{"x":-9.986894607543946,"y":2.456399917602539,"z":-21.951374053955079},"rotation":{"x":-0.09381414949893952,"y":0.680479884147644,"z":-0.0885046198964119,"w":-0.7213273048400879},"size":3.5726959705352785,"orthographic":false}