{"cameraMode":{"drawMode":0,"name":"Shaded","section":"Shading Mode"},"sceneLighting":false,"audioPlay":false,"sceneViewState":{"showFog":true,"showMaterialUpdate":false,"showSkybox":true,"showFlares":true,"showImageEffects":true,"showParticleSystems":true},"in2DMode":false,"pivot":{"x":-11.265840530395508,"y":1.2760400772094727,"z":3.1652908325195314},"rotation":{"x":-0.11218802630901337,"y":0.628839910030365,"z":-0.09236340969800949,"w":-0.7638345956802368},"size":3.7955474853515627,"orthographic":false}