{"cameraMode":{"drawMode":0,"name":"Shaded","section":"Shading Mode"},"sceneLighting":false,"audioPlay":false,"sceneViewState":{"showFog":true,"showMaterialUpdate":false,"showSkybox":true,"showFlares":true,"showImageEffects":true,"showParticleSystems":true},"in2DMode":false,"pivot":{"x":-9.068135261535645,"y":1.1085546016693116,"z":3.11899995803833},"rotation":{"x":0.07811684906482697,"y":-0.20725002884864808,"z":0.016609933227300645,"w":0.9750227332115173},"size":0.9660354256629944,"orthographic":false}