{"cameraMode":{"drawMode":0,"name":"Shaded","section":"Shading Mode"},"sceneLighting":false,"audioPlay":false,"sceneViewState":{"showFog":true,"showMaterialUpdate":false,"showSkybox":true,"showFlares":true,"showImageEffects":true,"showParticleSystems":true},"in2DMode":false,"pivot":{"x":13.83790111541748,"y":1.9936151504516602,"z":0.6483853459358215},"rotation":{"x":0.21771039068698884,"y":0.6039139628410339,"z":-0.17618674039840699,"w":0.7462227940559387},"size":5.0960917472839359,"orthographic":false}