{"cameraMode":{"drawMode":0,"name":"Shaded","section":"Shading Mode"},"sceneLighting":false,"audioPlay":false,"sceneViewState":{"showFog":true,"showMaterialUpdate":false,"showSkybox":true,"showFlares":true,"showImageEffects":true,"showParticleSystems":true},"in2DMode":false,"pivot":{"x":-6.828813552856445,"y":2.894029140472412,"z":-17.114004135131837},"rotation":{"x":0.18771003186702729,"y":0.4151930809020996,"z":-0.08798456937074661,"w":0.8857981562614441},"size":1.4665262699127198,"orthographic":false}