{"cameraMode":{"drawMode":0,"name":"Shaded","section":"Shading Mode"},"sceneLighting":false,"audioPlay":false,"sceneViewState":{"showFog":true,"showMaterialUpdate":false,"showSkybox":true,"showFlares":true,"showImageEffects":true,"showParticleSystems":true},"in2DMode":false,"pivot":{"x":11.342190742492676,"y":2.504631280899048,"z":1.3845629692077637},"rotation":{"x":-0.059670738875865939,"y":-0.3888126611709595,"z":0.025242213159799577,"w":-0.9190359115600586},"size":4.4127960205078129,"orthographic":false}