{"cameraMode":{"drawMode":0,"name":"Shaded","section":"Shading Mode"},"sceneLighting":false,"audioPlay":false,"sceneViewState":{"showFog":true,"showMaterialUpdate":false,"showSkybox":true,"showFlares":true,"showImageEffects":true,"showParticleSystems":true},"in2DMode":false,"pivot":{"x":-0.00026104613789357245,"y":0.008991280570626259,"z":0.0009186139795929194},"rotation":{"x":-0.22015126049518586,"y":0.08853869885206223,"z":-0.020069604739546777,"w":-0.9712319374084473},"size":0.011096271686255932,"orthographic":false}