{"cameraMode":{"drawMode":0,"name":"Shaded","section":"Shading Mode"},"sceneLighting":true,"audioPlay":false,"sceneViewState":{"showFog":true,"showMaterialUpdate":false,"showSkybox":true,"showFlares":true,"showImageEffects":true,"showParticleSystems":true},"in2DMode":false,"pivot":{"x":-3.736265182495117,"y":-0.8047723770141602,"z":-8.218371391296387},"rotation":{"x":0.012835443951189518,"y":0.9837367534637451,"z":-0.16112008690834046,"w":0.0783432126045227},"size":13.632040977478028,"orthographic":false}