{"cameraMode":{"drawMode":0,"name":"Shaded","section":"Shading Mode"},"sceneLighting":false,"audioPlay":false,"sceneViewState":{"showFog":true,"showMaterialUpdate":false,"showSkybox":true,"showFlares":true,"showImageEffects":true,"showParticleSystems":true},"in2DMode":false,"pivot":{"x":0.36114501953125,"y":1.3169620037078858,"z":-3.6038761138916017},"rotation":{"x":-0.059670738875865939,"y":-0.3888126611709595,"z":0.025242213159799577,"w":-0.9190359115600586},"size":6.6811017990112309,"orthographic":false}