{"cameraMode":{"drawMode":0,"name":"Shaded","section":"Shading Mode"},"sceneLighting":false,"audioPlay":false,"sceneViewState":{"showFog":true,"showMaterialUpdate":false,"showSkybox":true,"showFlares":true,"showImageEffects":true,"showParticleSystems":true},"in2DMode":false,"pivot":{"x":0.0,"y":-0.49271243810653689,"z":-1.2022984027862549},"rotation":{"x":-0.35237881541252139,"y":-0.03535810112953186,"z":0.013318818062543869,"w":-0.93509441614151},"size":5.627378463745117,"orthographic":false}