{"cameraMode":{"drawMode":0,"name":"Shaded","section":"Shading Mode"},"sceneLighting":false,"audioPlay":false,"sceneViewState":{"showFog":true,"showMaterialUpdate":false,"showSkybox":true,"showFlares":true,"showImageEffects":true,"showParticleSystems":true},"in2DMode":false,"pivot":{"x":11.752812385559082,"y":1.843057632446289,"z":-0.1950852870941162},"rotation":{"x":-0.059670738875865939,"y":-0.3888126611709595,"z":0.025242213159799577,"w":-0.9190359115600586},"size":5.0301337242126469,"orthographic":false}