{"cameraMode":{"drawMode":0,"name":"Shaded","section":"Shading Mode"},"sceneLighting":true,"audioPlay":false,"sceneViewState":{"showFog":true,"showMaterialUpdate":false,"showSkybox":true,"showFlares":true,"showImageEffects":true,"showParticleSystems":true},"in2DMode":false,"pivot":{"x":51.69673538208008,"y":-84.05976867675781,"z":31.629085540771486},"rotation":{"x":-0.389727920293808,"y":-0.35491374135017397,"z":0.16596455872058869,"w":-0.833429217338562},"size":115.75328063964844,"orthographic":false}