{"cameraMode":{"drawMode":0,"name":"Shaded","section":"Shading Mode"},"sceneLighting":true,"audioPlay":false,"sceneViewState":{"showFog":true,"showMaterialUpdate":false,"showSkybox":true,"showFlares":true,"showImageEffects":true,"showParticleSystems":true},"in2DMode":false,"pivot":{"x":-7.41963529586792,"y":3.702730178833008,"z":-15.263423919677735},"rotation":{"x":-0.08612734824419022,"y":0.9026874899864197,"z":-0.2140653282403946,"w":-0.3631989061832428},"size":1.9921672344207764,"orthographic":false}