{"cameraMode":{"drawMode":0,"name":"Shaded","section":"Shading Mode"},"sceneLighting":false,"audioPlay":false,"sceneViewState":{"showFog":true,"showMaterialUpdate":false,"showSkybox":true,"showFlares":true,"showImageEffects":true,"showParticleSystems":true},"in2DMode":false,"pivot":{"x":11.87282943725586,"y":2.2379701137542726,"z":2.8847320079803469},"rotation":{"x":-0.059670738875865939,"y":-0.3888126611709595,"z":0.025242213159799577,"w":-0.9190359115600586},"size":2.789193868637085,"orthographic":false}