{"cameraMode":{"drawMode":0,"name":"Shaded","section":"Shading Mode"},"sceneLighting":false,"audioPlay":false,"sceneViewState":{"showFog":true,"showMaterialUpdate":false,"showSkybox":true,"showFlares":true,"showImageEffects":true,"showParticleSystems":true},"in2DMode":false,"pivot":{"x":15.023063659667969,"y":2.4453351497650148,"z":2.776136636734009},"rotation":{"x":0.21771039068698884,"y":0.6039139628410339,"z":-0.17618674039840699,"w":0.7462227940559387},"size":3.3436203002929689,"orthographic":false}