{"cameraMode":{"drawMode":0,"name":"Shaded","section":"Shading Mode"},"sceneLighting":true,"audioPlay":false,"sceneViewState":{"showFog":true,"showMaterialUpdate":false,"showSkybox":true,"showFlares":true,"showImageEffects":true,"showParticleSystems":true},"in2DMode":false,"pivot":{"x":-8.748222351074219,"y":1.9796935319900513,"z":-18.489999771118165},"rotation":{"x":-0.02070113830268383,"y":0.9788307547569275,"z":-0.15846523642539979,"w":-0.12786944210529328},"size":22.339147567749025,"orthographic":false}