{"cameraMode":{"drawMode":0,"name":"Shaded","section":"Shading Mode"},"sceneLighting":false,"audioPlay":false,"sceneViewState":{"showFog":true,"showMaterialUpdate":false,"showSkybox":true,"showFlares":true,"showImageEffects":true,"showParticleSystems":true},"in2DMode":false,"pivot":{"x":14.02833366394043,"y":16.388568878173829,"z":12.68880558013916},"rotation":{"x":-0.18951921164989472,"y":0.0373937152326107,"z":-0.0072233593091368679,"w":-0.9811381101608276},"size":21.1407527923584,"orthographic":false}