{"cameraMode":{"drawMode":0,"name":"Shaded","section":"Shading Mode"},"sceneLighting":false,"audioPlay":false,"sceneViewState":{"showFog":true,"showMaterialUpdate":false,"showSkybox":true,"showFlares":true,"showImageEffects":true,"showParticleSystems":true},"in2DMode":false,"pivot":{"x":-2.863379955291748,"y":3.3502197265625,"z":-31.187549591064454},"rotation":{"x":-0.05190260708332062,"y":-0.9312956929206848,"z":0.14677800238132478,"w":-0.3293185830116272},"size":9.490188598632813,"orthographic":false}