{"cameraMode":{"drawMode":0,"name":"Shaded","section":"Shading Mode"},"sceneLighting":false,"audioPlay":false,"sceneViewState":{"showFog":true,"showMaterialUpdate":false,"showSkybox":true,"showFlares":true,"showImageEffects":true,"showParticleSystems":true},"in2DMode":false,"pivot":{"x":-8.882039070129395,"y":1.1714015007019044,"z":3.0038387775421144},"rotation":{"x":-0.05246931314468384,"y":0.4027177691459656,"z":-0.023135250434279443,"w":-0.9135262370109558},"size":1.7371324300765992,"orthographic":false}