{"cameraMode":{"drawMode":0,"name":"Shaded","section":"Shading Mode"},"sceneLighting":true,"audioPlay":false,"sceneViewState":{"showFog":true,"showMaterialUpdate":false,"showSkybox":true,"showFlares":true,"showImageEffects":true,"showParticleSystems":true},"in2DMode":false,"pivot":{"x":-119.91936492919922,"y":-108.48185729980469,"z":99.5527114868164},"rotation":{"x":-0.2801222503185272,"y":0.36701369285583498,"z":-0.11692170053720474,"w":-0.8792961835861206},"size":194.3907012939453,"orthographic":false}