{"cameraMode":{"drawMode":0,"name":"Shaded","section":"Shading Mode"},"sceneLighting":false,"audioPlay":false,"sceneViewState":{"showFog":true,"showMaterialUpdate":false,"showSkybox":true,"showFlares":true,"showImageEffects":true,"showParticleSystems":true},"in2DMode":false,"pivot":{"x":-2.9778318405151369,"y":2.7181968688964845,"z":-22.026086807250978},"rotation":{"x":-0.011797192506492138,"y":-0.945129930973053,"z":0.03434234485030174,"w":-0.32467034459114077},"size":7.787707328796387,"orthographic":false}