{"cameraMode":{"drawMode":0,"name":"Shaded","section":"Shading Mode"},"sceneLighting":true,"audioPlay":false,"sceneViewState":{"showFog":true,"showMaterialUpdate":false,"showSkybox":true,"showFlares":true,"showImageEffects":true,"showParticleSystems":true},"in2DMode":false,"pivot":{"x":-25.839521408081056,"y":-20.15125846862793,"z":-4.106561660766602},"rotation":{"x":-0.23662002384662629,"y":0.6286128163337708,"z":-0.20931008458137513,"w":-0.7106660604476929},"size":60.991455078125,"orthographic":false}