{"cameraMode":{"drawMode":0,"name":"Shaded","section":"Shading Mode"},"sceneLighting":false,"audioPlay":false,"sceneViewState":{"showFog":true,"showMaterialUpdate":false,"showSkybox":true,"showFlares":true,"showImageEffects":true,"showParticleSystems":true},"in2DMode":false,"pivot":{"x":14.165702819824219,"y":2.041084051132202,"z":-0.7835449576377869},"rotation":{"x":0.21771039068698884,"y":0.6039139628410339,"z":-0.17618674039840699,"w":0.7462227940559387},"size":5.720726013183594,"orthographic":false}