{"cameraMode":{"drawMode":0,"name":"Shaded","section":"Shading Mode"},"sceneLighting":false,"audioPlay":false,"sceneViewState":{"showFog":true,"showMaterialUpdate":false,"showSkybox":true,"showFlares":true,"showImageEffects":true,"showParticleSystems":true},"in2DMode":false,"pivot":{"x":12.052177429199219,"y":2.5314793586730959,"z":2.8943986892700197},"rotation":{"x":-0.03354541212320328,"y":-0.8463161587715149,"z":0.05367250740528107,"w":-0.5289074182510376},"size":5.608672142028809,"orthographic":false}