{"cameraMode":{"drawMode":0,"name":"Shaded","section":"Shading Mode"},"sceneLighting":false,"audioPlay":false,"sceneViewState":{"showFog":true,"showMaterialUpdate":false,"showSkybox":true,"showFlares":true,"showImageEffects":true,"showParticleSystems":true},"in2DMode":false,"pivot":{"x":-9.017398834228516,"y":1.097116470336914,"z":2.8860247135162355},"rotation":{"x":0.08570803701877594,"y":0.05582183599472046,"z":-0.004804291296750307,"w":0.9947436451911926},"size":0.9660354256629944,"orthographic":false}