{"cameraMode":{"drawMode":0,"name":"Shaded","section":"Shading Mode"},"sceneLighting":true,"audioPlay":false,"sceneViewState":{"showFog":true,"showMaterialUpdate":false,"showSkybox":true,"showFlares":true,"showImageEffects":true,"showParticleSystems":true},"in2DMode":false,"pivot":{"x":-8.199559211730957,"y":2.6212215423583986,"z":-15.231246948242188},"rotation":{"x":0.018461743369698526,"y":0.980934202671051,"z":-0.15311521291732789,"w":0.11824990808963776},"size":2.2921671867370607,"orthographic":false}