{"cameraMode":{"drawMode":0,"name":"Shaded","section":"Shading Mode"},"sceneLighting":true,"audioPlay":false,"sceneViewState":{"showFog":true,"showMaterialUpdate":false,"showSkybox":true,"showFlares":true,"showImageEffects":true,"showParticleSystems":true},"in2DMode":false,"pivot":{"x":-98.48037719726563,"y":-2.8063666820526125,"z":34.92106246948242},"rotation":{"x":0.020632751286029817,"y":-0.5323963761329651,"z":0.012991280294954777,"w":0.8461440205574036},"size":126.09379577636719,"orthographic":false}