{"cameraMode":{"drawMode":0,"name":"Shaded","section":"Shading Mode"},"sceneLighting":false,"audioPlay":false,"sceneViewState":{"showFog":true,"showMaterialUpdate":false,"showSkybox":true,"showFlares":true,"showImageEffects":true,"showParticleSystems":true},"in2DMode":false,"pivot":{"x":11.77518367767334,"y":2.108907699584961,"z":1.9825413227081299},"rotation":{"x":0.21771039068698884,"y":0.6039139628410339,"z":-0.17618674039840699,"w":0.7462227940559387},"size":4.032830715179443,"orthographic":false}