{"cameraMode":{"drawMode":0,"name":"Shaded","section":"Shading Mode"},"sceneLighting":false,"audioPlay":false,"sceneViewState":{"showFog":true,"showMaterialUpdate":false,"showSkybox":true,"showFlares":true,"showImageEffects":true,"showParticleSystems":true},"in2DMode":false,"pivot":{"x":-11.229999542236329,"y":-2.3299999237060549,"z":-21.579999923706056},"rotation":{"x":0.24310468137264253,"y":-0.07698582112789154,"z":0.019366934895515443,"w":0.9667462110519409},"size":22.0,"orthographic":false}