{"cameraMode":{"drawMode":0,"name":"Shaded","section":"Shading Mode"},"sceneLighting":false,"audioPlay":false,"sceneViewState":{"showFog":true,"showMaterialUpdate":false,"showSkybox":true,"showFlares":true,"showImageEffects":true,"showParticleSystems":true},"in2DMode":false,"pivot":{"x":0.23754698038101197,"y":1.2231807708740235,"z":-3.6142587661743166},"rotation":{"x":-0.32586613297462466,"y":-0.4773738980293274,"z":0.19640006124973298,"w":-0.7920558452606201},"size":4.7069501876831059,"orthographic":false}