{"cameraMode":{"drawMode":0,"name":"Shaded","section":"Shading Mode"},"sceneLighting":false,"audioPlay":false,"sceneViewState":{"showFog":true,"showMaterialUpdate":false,"showSkybox":true,"showFlares":true,"showImageEffects":true,"showParticleSystems":true},"in2DMode":false,"pivot":{"x":-10.468247413635254,"y":0.2775750160217285,"z":-3.3343124389648439},"rotation":{"x":0.1650155633687973,"y":-0.3273813724517822,"z":0.0581812709569931,"w":0.928550660610199},"size":6.320108413696289,"orthographic":false}