{"cameraMode":{"drawMode":0,"name":"Shaded","section":"Shading Mode"},"sceneLighting":true,"audioPlay":false,"sceneViewState":{"showFog":true,"showMaterialUpdate":false,"showSkybox":true,"showFlares":true,"showImageEffects":true,"showParticleSystems":true},"in2DMode":false,"pivot":{"x":1.5429973602294922,"y":3.217395305633545,"z":-8.357263565063477},"rotation":{"x":0.3809470534324646,"y":0.128380686044693,"z":-0.05349479243159294,"w":0.9140766263008118},"size":20.919368743896486,"orthographic":true}